lon,lat,ppi
27.794803,43.575787,0.000000
27.733058,43.539552,0.000000
27.893484,43.540482,0.158373
27.747776,43.478498,0.880115
27.842234,43.548885,0.000000
27.841916,43.463707,0.000000
27.742933,43.547412,0.000000
27.773678,43.483098,0.000000
27.805160,43.460640,0.003852
27.776462,43.517025,0.000000
27.778406,43.466138,0.000000
27.807622,43.571195,0.000000
27.752442,43.495756,1.522075
27.756505,43.514098,0.037422
27.754297,43.495744,0.235783
27.763925,43.592205,0.000000
27.757023,43.575323,0.146413
27.741135,43.471338,0.288283
27.871274,43.553890,0.000000
27.832382,43.453602,0.000000
27.873852,43.492371,0.005580
27.821329,43.559212,0.000000
27.719304,43.559089,0.058320
27.895125,43.525883,0.123192
27.706089,43.466427,0.674456
27.781532,43.545534,0.015250
27.747531,43.548823,0.000000
27.733879,43.525591,0.548587
27.797714,43.542991,0.394146
27.710336,43.575622,0.270993
27.786205,43.495529,0.049159
27.737250,43.497566,0.691042
27.774585,43.466974,0.000000
27.699788,43.552457,0.126215
27.838135,43.574667,0.000000
27.862610,43.545401,0.000000
27.757325,43.569738,0.000000
27.888495,43.453540,0.000000
27.878522,43.567070,0.000000
27.850541,43.488135,0.251224
27.890965,43.537530,0.000000
27.811203,43.505799,0.000000
27.775230,43.536753,0.000000
27.759236,43.564143,0.062516
27.706331,43.487226,0.010417
27.900732,43.570049,0.000000
27.775430,43.475073,0.002484
27.894750,43.475372,0.691926
27.728036,43.461518,0.572463
27.827713,43.600405,0.129954
27.794560,43.529057,0.494662
27.807406,43.527166,0.000000
27.836753,43.546404,0.000000
27.836915,43.540280,0.000000
27.897558,43.456261,0.009406
27.869406,43.561738,0.148270
27.896319,43.489496,0.000000
27.791117,43.502338,0.439491
27.802876,43.502886,0.029960
27.757307,43.479246,0.000000
27.876136,43.573301,0.000000
27.805443,43.519166,0.000000
27.877862,43.470370,0.000000
27.750221,43.576088,0.000000
27.767583,43.529151,0.703764
27.784660,43.529035,0.000000
27.842561,43.572383,0.594077
27.732635,43.453384,0.919833
27.857977,43.454313,0.712899
27.714063,43.524185,0.066573
27.712707,43.577138,0.195518
27.798296,43.474465,0.000000
27.833846,43.497172,0.033826
27.872541,43.513001,0.012033
27.720967,43.563580,0.000000
27.703964,43.581425,0.158002
27.750551,43.572754,0.000000
27.750244,43.508016,0.000000
27.894478,43.523997,0.006358
27.787123,43.499574,0.125734
27.753094,43.508448,0.000000
27.884538,43.487337,0.000000
27.821999,43.490055,0.000000
27.864045,43.498479,0.029091
27.852953,43.589144,0.062601
27.735112,43.555747,0.069977
27.734434,43.530539,0.000000
27.731785,43.597997,0.000000
27.807662,43.499971,0.000000
27.741592,43.569301,0.000000
27.796680,43.539667,0.623048
27.727951,43.567678,0.070346
27.769744,43.543363,0.357166
27.872025,43.468524,0.024177
27.838134,43.494169,0.000000
27.718412,43.463109,0.779773
27.699637,43.507257,1.187765
27.879951,43.520598,0.139074
27.811987,43.472027,0.030989
27.851548,43.550977,0.033780
27.723098,43.472444,0.323703
27.711471,43.587861,0.024872
27.718912,43.463556,0.968900
27.891382,43.498629,0.051284
27.873899,43.589886,0.000000
27.745143,43.475544,0.030763
27.861100,43.578458,0.400351
27.723355,43.504408,0.719125
27.858664,43.555156,0.208780
27.765427,43.583641,0.052242
27.801796,43.561421,0.345047
27.861186,43.454019,0.739967
27.800922,43.504791,0.000000
27.865164,43.559519,0.000000
27.762662,43.600137,0.098806
27.736172,43.571677,0.136450
27.769956,43.589193,0.149784
27.800959,43.507582,0.000000
27.821745,43.516889,0.013390
27.800642,43.521001,0.000000
27.791219,43.491172,0.000000
27.752513,43.511423,0.000000
27.857658,43.545349,0.035591
27.804843,43.576437,0.393167
27.836709,43.489498,0.000000
27.810719,43.571263,0.056361
27.719610,43.511905,0.000000
27.880973,43.497269,0.646194
27.736883,43.548712,0.069300
27.802110,43.557097,0.521480
27.889061,43.584817,0.000000
27.829851,43.503504,0.000000
27.814778,43.523242,0.102325
27.725933,43.513035,0.634694
27.780414,43.458831,0.051192
27.781044,43.574891,0.000000
27.850611,43.572414,0.633742
27.727519,43.572993,0.000000
27.758416,43.488873,0.658286
27.818479,43.467479,0.000000
27.732841,43.521635,0.000000
27.775900,43.569704,0.000000
27.710049,43.456228,0.000000
27.823425,43.522189,0.000000
27.854203,43.475952,-0.000000
27.835652,43.538398,0.000000
27.837104,43.536047,0.000000
27.730726,43.459069,0.225597
27.872968,43.516870,0.124458
27.837253,43.564679,0.283278
27.703798,43.460769,0.000000
27.764520,43.472715,0.000000
27.816620,43.549701,0.000000
27.738621,43.457758,0.372941
27.879359,43.556529,0.007378
27.773884,43.489580,0.062799
27.874441,43.524602,0.053246
27.780569,43.595604,0.318384
27.832119,43.569488,0.056577
27.860864,43.553158,0.000000
27.882343,43.489425,0.000000
27.716637,43.501208,0.570167
27.731142,43.575581,0.000000
27.712358,43.505467,0.000000
27.897518,43.570434,0.000000
27.778188,43.516563,0.000000
27.800373,43.538110,0.530989
27.750385,43.559339,0.350901
27.721861,43.576181,0.000000
27.707404,43.462547,0.753961
27.764056,43.475149,0.239587
27.886522,43.487682,0.000000
27.865244,43.452548,0.916106
27.862698,43.560258,0.039311
27.778378,43.598680,0.069224
27.721320,43.489293,0.840850
27.758309,43.579096,0.000000
27.737030,43.570951,0.000000
27.728034,43.543726,0.050289
27.707067,43.592570,0.237142
27.832557,43.502404,0.021026
27.729767,43.502656,0.935915
27.841537,43.543307,0.000000
27.763256,43.568708,0.000000
27.782104,43.570652,0.000000
27.778776,43.504584,0.033151
27.805002,43.504582,0.000000
27.890446,43.586337,0.000000
27.810401,43.575227,0.080513
27.746855,43.463917,0.675276
27.762435,43.483894,0.000000
27.803122,43.595988,0.614926
27.799080,43.580799,0.000000
27.788868,43.529096,0.000000
27.742734,43.480782,0.772663
27.713309,43.470615,0.021518
27.832133,43.534552,0.034576
27.719788,43.454006,0.471850
27.711302,43.583990,0.013999
27.738092,43.586882,0.112910
27.874196,43.516230,0.136895
27.873509,43.580075,0.000000
27.783945,43.512022,0.156886
27.885906,43.479402,0.000000
27.845264,43.553095,0.021236
27.880805,43.545263,0.057985
27.803513,43.466955,0.000000
27.813152,43.457432,0.071299
27.747378,43.596546,0.000000
27.759345,43.464285,0.841851
27.706312,43.559800,0.505876
27.876385,43.590497,0.000000
27.757988,43.454660,0.815874
27.811821,43.496520,0.000000
27.888845,43.494327,0.000000
27.789477,43.575734,0.281689
27.868613,43.454773,0.000000
27.745538,43.547846,0.000000
27.795944,43.511939,0.000000
27.757252,43.514453,0.050027
27.762990,43.547640,0.000000
27.790153,43.475782,0.000000
27.859150,43.580634,0.000000
27.868895,43.465846,0.090987
27.722310,43.593015,0.034252
27.891148,43.558329,0.000000
27.878035,43.593186,0.000000
27.879604,43.496739,0.008520
27.852739,43.468579,0.299425
27.709029,43.580313,0.129466
27.715563,43.567306,0.127619
27.725700,43.483323,0.727939
27.698940,43.457557,0.000000
27.853269,43.541330,0.323595
27.798410,43.548839,0.268838
27.757784,43.487797,0.558072
27.699805,43.500322,0.000000
27.854116,43.566265,0.346389
27.863159,43.471022,0.002130
27.829072,43.464611,0.000000
27.703941,43.451764,0.061763
27.804743,43.587513,0.069774
27.770123,43.485553,0.000000
27.879337,43.486837,0.000000
27.727234,43.559579,0.050485
27.767626,43.503219,0.000000
27.816721,43.492974,0.000000
27.846279,43.475200,0.020433
27.838993,43.502627,0.000000
27.888228,43.536561,0.042579
27.785729,43.496973,0.000000
27.779277,43.562658,0.127085
27.867801,43.536178,0.000000
27.883981,43.508501,0.252202
27.795066,43.529864,0.255233
27.897779,43.529643,0.000000
27.763299,43.483798,0.000000
27.716900,43.575581,0.000000
27.787968,43.507492,0.924703
27.826416,43.460219,0.000000
27.781111,43.532121,0.000000
27.858545,43.468266,0.578133
27.753411,43.494129,0.441954
27.700820,43.555962,0.298153
27.748012,43.507671,0.000000
27.831753,43.515916,0.000000
27.871729,43.568293,0.000000
27.708677,43.508011,0.284338
27.843667,43.589483,0.133111
27.711080,43.586243,0.000000
27.788468,43.536392,0.000000
27.742628,43.552817,0.528686
27.893725,43.506534,0.775173
27.870156,43.536430,0.311260
27.864101,43.545750,0.000000
27.800539,43.531986,0.462603
27.720808,43.467056,0.515691
27.731603,43.562522,0.045905
27.782192,43.587039,0.747197
27.803422,43.450748,0.000000
27.835226,43.543444,0.000000
27.884378,43.501745,0.494776
27.785452,43.599532,0.080243
27.880349,43.582003,0.000000
27.739210,43.577060,0.000000
27.778834,43.557168,0.096742
27.893893,43.543000,0.042757
27.821369,43.489159,0.000000
27.764195,43.545021,0.082268
27.799741,43.583946,0.000000
27.723280,43.498105,0.881936
27.753922,43.455677,0.925219
27.763033,43.580505,0.104945
27.824076,43.488149,0.000000
27.781784,43.536348,0.000000
27.843772,43.490526,0.000000
27.800625,43.585200,0.000000
27.740806,43.515191,0.000000
27.807621,43.506185,0.000000
27.872506,43.484818,0.353877
27.793956,43.586688,0.000000
27.848096,43.587289,0.000000
27.731503,43.513270,0.538738
27.852074,43.491635,0.000000
27.753840,43.459009,0.641449
27.777684,43.544750,0.000000
27.856933,43.529147,0.148343
27.730291,43.484554,0.704497
27.827598,43.564929,0.000000
27.860652,43.573059,0.000000
27.792551,43.526820,0.652631
27.730976,43.490132,0.608026
27.801896,43.559620,0.169392
27.801663,43.504696,0.000000
27.775860,43.556918,0.039301
27.724627,43.486661,0.656941
27.891626,43.489983,0.070279
27.709426,43.571936,0.000000
27.793228,43.569045,0.000000
27.860826,43.506967,0.000000
27.727604,43.538867,0.070918
27.879407,43.491698,0.069160
27.877260,43.548351,0.000000
27.782352,43.570650,0.000000
27.702872,43.508857,0.101121
27.894898,43.577478,0.084009
27.838465,43.527032,0.092320
27.704556,43.568455,0.069755
27.865377,43.487844,0.136990
27.871218,43.584414,0.000000
27.895306,43.554875,0.058879
27.768441,43.557689,0.286429
27.876835,43.595896,0.000000
27.699990,43.516349,0.000000
27.773317,43.503270,0.032664
27.871543,43.538220,0.080681
27.708594,43.479738,1.095578
27.784014,43.593779,0.358709
27.837551,43.505699,0.000000
27.719756,43.545039,0.073537
27.747544,43.469676,0.535908
27.724089,43.482973,0.000000
27.807149,43.498624,0.000000
27.727183,43.575877,0.000000
27.853848,43.485859,0.094611
27.782595,43.522476,0.073817
27.843974,43.478369,0.350818
27.751005,43.539526,0.000000
27.828269,43.532509,0.000000
27.838114,43.555308,0.778764
27.835016,43.465379,0.000000
27.863339,43.561784,0.573225
27.732765,43.576651,0.130414
27.794816,43.595596,0.021459
27.877125,43.521970,0.000000
27.759578,43.502642,0.106852
27.700764,43.497705,0.349400
27.785546,43.540104,0.216324
27.849122,43.563331,0.000000
27.891557,43.510513,0.381432
27.722021,43.589596,0.000000
27.769685,43.587304,0.069541
27.766709,43.518712,0.452595
27.892264,43.541662,0.000000
27.783146,43.507705,0.355441
27.791816,43.527365,0.479428
27.754154,43.553822,0.584559
27.838448,43.463282,0.000000
27.900000,43.545834,0.000000
27.803128,43.493880,0.037778
27.737564,43.462357,0.713506
27.847829,43.506434,0.000000
27.763517,43.579602,0.019046
27.881142,43.449365,0.083048
27.845115,43.453779,0.023603
27.832506,43.525635,0.020841
27.732309,43.477608,0.747598
27.859079,43.566948,0.179672
27.752287,43.553024,0.516641
27.723542,43.489009,0.864233
27.804677,43.470819,0.000000
27.774897,43.510733,0.000000
27.801765,43.503074,0.037838
27.894940,43.513368,0.172728
27.752063,43.594714,0.000000
27.798959,43.468518,0.020379
27.743238,43.592341,0.147405
27.825842,43.545133,1.569694
27.754579,43.538242,0.000000
27.727433,43.473137,0.196722
27.823837,43.506969,0.262348
27.815253,43.512613,0.000000
27.827299,43.579248,0.000000
27.770788,43.576672,0.000000
27.840328,43.545387,0.000000
27.727467,43.455308,0.913242
27.774471,43.535498,0.000000
27.735280,43.508474,0.041175
27.727081,43.454050,0.679040
27.804915,43.460822,0.000000
27.879431,43.578499,0.179855
27.771202,43.560641,0.000000
27.729301,43.597473,0.000000
27.746877,43.465718,0.717093
27.803785,43.571312,0.499649
27.862565,43.524872,0.000000
27.815543,43.552500,0.009104
27.746062,43.600336,0.000000
27.845106,43.594965,0.336072
27.810606,43.470417,0.032982
27.792179,43.545641,0.000000
27.699491,43.548137,0.038073
27.855235,43.549059,0.000000
27.707002,43.481099,0.353951
27.799304,43.588361,0.000000
27.877296,43.567890,0.000000
27.836658,43.494811,0.000000
27.848526,43.485539,0.032286
27.850639,43.451037,0.000000
27.801736,43.584923,0.162006
27.738065,43.513678,0.629276
27.898598,43.593116,0.370430
27.704339,43.560533,0.676169
27.767920,43.584885,0.407187
27.890147,43.599665,0.000000
27.886439,43.498938,0.000000
27.858494,43.464664,0.000000
27.853093,43.502523,0.076385
27.713717,43.557773,0.082014
27.876066,43.594102,0.000000
27.844280,43.509251,0.000000
27.719062,43.476161,0.000000
27.777190,43.564112,0.048181
27.897891,43.520458,0.311139
27.899099,43.543500,0.000000
27.770211,43.473037,0.028688
27.783011,43.564163,0.171263
27.744761,43.595302,0.000000
27.800656,43.559538,0.014596
27.846650,43.528323,0.449502
27.799539,43.559276,0.000000
27.773708,43.514523,0.086836
27.771810,43.569461,0.119992
27.861062,43.558379,0.075470
27.717397,43.450419,0.312724
27.727322,43.566872,0.051954
27.884564,43.565313,0.000000
27.849965,43.464728,0.000000
27.765481,43.529255,0.712088
27.819099,43.549953,1.757031
27.705546,43.579074,0.117525
27.800035,43.587456,0.266066
27.833290,43.474756,0.059094
27.755326,43.498888,0.655091
27.845094,43.567502,0.492803
27.814432,43.451480,0.535069
27.881142,43.593882,0.000000
27.736658,43.570864,0.000000
27.849377,43.475718,0.001595
27.755452,43.568490,0.000000
27.823442,43.486983,0.000000
27.838124,43.582861,0.000000
27.861644,43.555764,0.076574
27.812214,43.525871,0.000000
27.729253,43.521658,0.000000
27.768642,43.553996,0.230405
27.855427,43.571387,0.295841
27.868610,43.514922,0.183436
27.849109,43.580078,1.052379
27.750324,43.494509,0.612003
27.777736,43.462091,0.000000
27.900998,43.529708,0.032300
27.811439,43.449521,0.357491
27.762141,43.598159,0.069067
27.875311,43.559081,0.000000
27.896429,43.505343,0.000000
27.894465,43.514722,0.162579
27.851169,43.480026,0.000000
27.809872,43.461778,1.074767
27.834937,43.495543,0.194278
27.724400,43.571032,0.000000
27.828172,43.507388,0.000000
27.842850,43.513134,0.000000
27.874073,43.490569,0.087733
27.876907,43.472719,0.000000
27.748563,43.532159,0.000000
27.881238,43.472955,0.000000
27.762895,43.589150,0.671224
27.818119,43.569049,0.000000
27.834168,43.493568,0.000000
27.754387,43.542745,0.000000
27.729826,43.466458,0.000000
27.792651,43.591109,0.000000
27.798374,43.527319,0.241045
27.723390,43.465869,0.497601
27.707993,43.576447,0.200082
27.756440,43.489066,0.691794
27.837403,43.486071,0.042550
27.741127,43.490877,0.571151
27.800199,43.515601,0.016648
27.709964,43.575535,0.436185
27.806450,43.576155,0.113006
27.789799,43.515043,0.318474
27.732652,43.465090,0.000000
27.753387,43.551846,0.581086
27.778461,43.508908,0.000000
27.715698,43.474021,0.000000
27.860887,43.459064,0.034034
27.882988,43.491311,0.000000
27.722803,43.458129,0.300061
27.843559,43.466306,0.089946
27.777140,43.454171,0.071039
27.877340,43.528271,0.000000
27.875407,43.599959,0.000000
27.745278,43.486528,0.697004
27.854490,43.592734,0.468662
27.818450,43.593448,0.078604
27.868312,43.571830,0.000000
27.898078,43.466341,0.287451
27.825098,43.581335,0.332348
27.870540,43.494287,0.000000
27.809620,43.498427,0.000000
27.760675,43.540723,0.000000
27.699020,43.496635,0.204456
27.725159,43.520784,0.082692
27.832720,43.595146,0.000000
27.893303,43.494652,0.027792
27.730733,43.459699,0.761704
27.832839,43.504923,0.033038
27.726059,43.451265,0.163321
27.859210,43.506439,0.000000
27.804138,43.560685,0.179430
27.744396,43.555597,0.450008
27.725289,43.562563,0.000000
27.786785,43.568729,0.000000
27.895602,43.599893,0.630807
27.775269,43.568808,0.067888
27.765160,43.543034,0.000000
27.715747,43.530568,0.065864
27.764745,43.451373,0.000000
27.820624,43.507263,0.000000
27.711231,43.546443,0.014922
27.746403,43.567739,0.000000
27.775199,43.534322,0.000000
27.778825,43.469827,0.126401
27.875992,43.571952,0.000000
27.874516,43.495518,0.010873
27.813589,43.462381,0.044087
27.783300,43.586491,0.263036
27.802326,43.480019,0.000000
27.807830,43.503302,0.000000
27.894267,43.501308,0.000000
27.886483,43.561066,0.084556
27.890510,43.523397,0.044934
27.744411,43.587021,0.000000
27.887653,43.590140,0.187851
27.816957,43.510530,0.000000
27.787058,43.504077,0.064833
27.820226,43.578308,0.242382
27.792278,43.477568,0.572554
27.735873,43.587797,0.000000
27.785769,43.528667,0.000000
27.875610,43.485695,0.437810
27.853562,43.456778,0.000000
27.848185,43.478878,0.000000
27.740729,43.579662,0.048338
27.815025,43.532424,0.000000
27.810749,43.508864,0.000000
27.735699,43.573481,0.201370
27.840658,43.569066,0.328589
27.700595,43.589999,0.000000
27.730378,43.450697,0.385279
27.796978,43.515264,0.000000
27.782891,43.507077,0.197525
27.834223,43.524542,0.041064
27.869199,43.564620,0.079131
27.806261,43.534107,0.000000
27.745482,43.523174,0.000000
27.898471,43.484527,0.009192
27.760208,43.562696,0.820876
27.725831,43.463242,0.663495
27.760779,43.539191,0.000000
27.714291,43.533008,0.032762
27.707099,43.574202,0.205392
27.754605,43.560212,0.743423
27.824325,43.497421,0.000000
27.897613,43.459952,0.020237
27.838733,43.474896,0.000000
27.824529,43.503273,0.000000
27.887437,43.465704,0.344004
27.799947,43.599522,0.053580
27.792502,43.475766,0.000000
27.804040,43.450743,0.000000
27.886667,43.539815,0.203412
27.900882,43.555191,0.079412
27.763843,43.595537,0.000000
27.898637,43.570696,0.000000
27.760944,43.552246,0.813772
27.715257,43.593780,0.000000
27.721310,43.592301,0.000000
27.733115,43.482915,0.851974
27.758447,43.540737,0.457383
27.800479,43.536759,0.395255
27.801914,43.588973,1.656933
27.859724,43.499051,0.340704
27.762610,43.507664,0.065660
27.732147,43.484632,0.538265
27.706709,43.561959,0.676375
27.804218,43.473523,0.000000
27.874400,43.453198,0.000000
27.778223,43.509630,0.000000
27.801427,43.570968,0.545296
27.740361,43.569849,0.000000
27.835324,43.460784,0.000000
27.716999,43.469061,0.346556
27.709473,43.491528,0.074580
27.895265,43.543710,0.038331
27.843617,43.550405,0.000000
27.801266,43.530811,0.017646
27.789090,43.555567,0.061153
27.755832,43.539494,0.180477
27.747532,43.478770,1.017126
27.716773,43.543978,0.032492
27.862883,43.573222,0.000000
27.890589,43.545637,0.071200
27.847718,43.463124,0.016826
27.776038,43.464623,0.000000
27.857777,43.544988,0.052265
27.896211,43.599168,0.160065
27.856950,43.460354,0.000000
27.750608,43.587251,0.000000
27.780120,43.532038,0.000000
27.880715,43.496551,0.002340
27.834407,43.537867,0.000000
27.755899,43.534902,0.000000
27.898986,43.485873,0.000000
27.871795,43.538489,0.122665
27.867031,43.499717,0.000000
27.763200,43.525038,0.665728
27.791252,43.512602,0.115176
27.821004,43.526169,0.653785
27.782857,43.456563,0.031004
27.733775,43.476158,0.469591
27.872205,43.472484,0.000000
27.879288,43.585703,0.000000
27.808796,43.557140,0.433752
27.784411,43.576669,0.000000
27.713896,43.520495,0.064826
27.751619,43.519172,0.000000
27.895349,43.482480,0.000000
27.772301,43.501206,0.068463
27.700549,43.553983,0.203613
27.854207,43.485046,0.000000
27.836470,43.579631,0.614416
27.838561,43.578626,0.229450
27.734089,43.451034,0.339711
27.861122,43.475630,0.000000
27.847022,43.546058,0.646325
27.834932,43.522106,0.073033
27.803633,43.485323,0.618808
27.760837,43.583131,0.019852
27.741832,43.548500,0.000000
27.838816,43.463010,0.000000
27.800347,43.573587,0.103607
27.743894,43.504726,0.000000
27.847475,43.569556,0.189846
27.864407,43.549890,0.228605
27.870300,43.537870,0.089642
27.880081,43.589118,0.097560
27.771219,43.552267,0.509379
27.828145,43.595809,0.000000
27.840970,43.573746,0.208365
27.750766,43.600035,0.000000
27.849001,43.598808,0.000000
27.754103,43.490072,0.516148
27.719906,43.495245,0.649821
27.887470,43.594554,0.000000
27.722598,43.503152,0.982387
27.702051,43.470054,0.000000
27.867004,43.489182,0.000000
27.761509,43.577454,0.084782
27.754360,43.510780,0.066502
27.716825,43.548389,0.091944
27.863562,43.534049,0.000000
27.767642,43.543557,0.030236
27.894420,43.536783,0.121047
27.752035,43.482882,0.434654
27.827473,43.582938,0.000000
27.861373,43.571523,0.032845
27.896859,43.475895,0.465888
27.815608,43.474613,0.000000
27.748089,43.553952,0.837433
27.795051,43.556966,1.053883
27.846873,43.526520,0.430164
27.715578,43.516252,0.079322
27.891157,43.542121,0.020824
27.762030,43.559892,0.301744
27.820320,43.548684,0.483635
27.787572,43.496060,0.000000
27.792604,43.493053,0.027185
27.728083,43.465479,0.788662
27.765874,43.511424,0.149907
27.765158,43.523315,0.139517
27.815389,43.504329,0.000000
27.883575,43.599266,0.437998
27.855636,43.524924,0.071476
27.896094,43.516150,0.166264
27.807040,43.499706,0.000000
27.733492,43.554857,0.077531
27.838072,43.453921,0.000000
27.854144,43.576980,0.398879
27.855662,43.509257,0.000000
27.869473,43.523379,0.031779
27.739256,43.499714,0.743391
27.749183,43.592212,0.111582
27.763878,43.500272,0.082907
27.885261,43.477517,0.000000
27.877310,43.568880,0.021673
27.738964,43.567067,0.000000
27.706569,43.560609,0.826118
27.800711,43.479491,0.000000
27.824381,43.546944,0.157530
27.800948,43.506772,0.000000
27.825851,43.591144,0.279569
27.702014,43.594853,0.000000
27.798667,43.474462,0.000000
27.789024,43.503073,0.362267
27.850820,43.534415,0.030651
27.899793,43.506937,0.000000
27.750786,43.501890,0.956189
27.716380,43.594403,0.000000
27.768091,43.481335,0.000000
27.735273,43.548632,0.000000
27.789413,43.523420,0.000000
27.856536,43.544817,0.056939
27.800829,43.572593,0.203216
27.887399,43.522251,0.000000
27.882805,43.572080,0.000000
27.844665,43.545716,0.000000
27.768609,43.570924,0.064652
27.890519,43.549239,0.184484
27.707693,43.550877,0.015250
27.815496,43.576541,0.386381
27.858583,43.584330,0.000000
27.895911,43.453572,0.019559
27.772595,43.456363,0.085460
27.803985,43.558435,0.561889
27.724360,43.526372,0.000000
27.863325,43.517393,0.000000
27.768413,43.584701,0.320342
27.846171,43.573707,0.726670
27.727437,43.452877,0.169377
27.841642,43.595261,0.000000
27.845670,43.449273,0.069612
27.708536,43.506571,0.003264
27.885666,43.462926,0.035598
27.839967,43.528282,0.000000
27.833720,43.550928,0.512041
27.851652,43.505595,0.000000
27.774851,43.458779,0.082600
27.805073,43.500620,0.000000
27.730005,43.491669,0.655695
27.777532,43.465424,0.000000
27.899885,43.454802,0.028056
27.867012,43.463790,0.054623
27.781051,43.556252,0.068315
27.739093,43.567426,0.000000
27.836694,43.560091,0.652400
27.761211,43.543961,0.000000
27.791015,43.475506,0.000000
27.724287,43.582288,0.030617
27.862774,43.539547,0.000000
27.830329,43.574454,0.000000
27.810067,43.568836,0.692268
27.871918,43.589991,0.000000
27.782405,43.517345,0.042438
27.801104,43.499837,0.053589
27.818190,43.482698,0.000000
27.788889,43.473720,0.000000
27.791833,43.500262,0.000000
27.723378,43.454524,0.394226
27.783617,43.534535,0.000000
27.796745,43.525800,0.617192
27.849164,43.478150,0.000000
27.722205,43.459754,0.350967
27.723805,43.469558,0.437771
27.769320,43.558673,3.000000
27.885583,43.508038,0.291635
27.791710,43.490899,0.743238
27.809579,43.569380,0.700569
27.827213,43.545843,3.000000
27.713501,43.465931,0.719587
27.825762,43.466706,0.123874
27.727760,43.490063,0.669327
27.748961,43.524322,0.000000
27.872016,43.579636,0.000000
27.766970,43.490527,0.024130
27.828328,43.473531,0.033514
27.702258,43.583866,0.039000
27.823636,43.537675,0.000000
27.742797,43.566592,0.586552
27.726458,43.567147,0.408593
27.719763,43.451935,0.118728
27.779270,43.542938,0.010593
27.773355,43.545050,0.069553
27.775982,43.566462,0.000000
27.826333,43.472285,0.049712
27.719629,43.461481,0.578681
27.866768,43.515926,0.072982
27.733970,43.553503,0.066211
27.832400,43.490970,0.000000
27.835791,43.593233,0.000000
27.776427,43.543228,0.000000
27.786485,43.545680,0.000000
27.759644,43.458521,0.450329
27.834687,43.468442,0.000000
27.752961,43.467839,0.656857
27.889892,43.464514,0.337064
27.809562,43.531113,0.000000
27.777834,43.508282,0.067437
27.821765,43.591263,0.363094
27.771530,43.489236,0.067961
27.742889,43.463133,0.620727
27.847242,43.552900,0.000000
27.727945,43.526079,0.384677
27.721180,43.467144,0.429792
27.713301,43.501499,0.357520
27.748944,43.492988,0.519662
27.791127,43.531512,0.327193
27.739485,43.498272,0.713583
27.820509,43.553545,0.782727
27.710650,43.570758,0.089663
27.787868,43.528293,0.000000
27.792331,43.519438,0.363240
27.742330,43.488168,0.481862
27.743464,43.560375,0.826760
27.769262,43.544357,0.080972
27.823545,43.494636,0.105768
27.764640,43.452815,0.434206
27.866450,43.459112,0.000000
27.712542,43.458013,0.107513
27.716389,43.574324,0.000000
27.781355,43.531849,0.000000
27.748511,43.597979,0.000000
27.886438,43.481919,0.042214
27.799465,43.534965,0.652868
27.748916,43.460662,0.052036
27.702351,43.485269,0.255668
27.782878,43.573078,0.000000
27.745431,43.559282,0.034807
27.871235,43.585585,0.000000
27.841078,43.572574,0.000000
27.784262,43.507878,0.726243
27.861209,43.481752,0.027008
27.836620,43.563693,0.081820
27.832026,43.481698,0.050201
27.744545,43.497338,0.764418
27.872388,43.579633,0.000000
27.801994,43.585731,0.057867
27.707846,43.479293,1.637266
27.815282,43.523959,0.212612
27.846134,43.455932,0.000000
27.900956,43.568426,0.000000
27.812881,43.584664,0.468416
27.712595,43.546615,0.022852
27.813271,43.457071,0.040689
27.881413,43.544538,0.273092
27.718054,43.495527,0.730890
27.785417,43.549199,0.150290
27.897346,43.517131,0.000000
27.860087,43.568201,0.067768
27.819923,43.519423,0.054338
27.853996,43.478835,0.000000
27.798354,43.488241,0.065484
27.820274,43.453960,0.005353
27.887150,43.471469,0.000000
27.896114,43.550906,0.000000
27.874890,43.581325,0.000000
27.871771,43.571174,0.000000
27.698647,43.475027,0.070226
27.885047,43.539107,0.391107
27.827127,43.539541,0.000000
27.873464,43.594121,0.000000
27.820479,43.450807,0.371226
27.854803,43.474687,0.000000
27.713642,43.540936,0.109038
27.766910,43.573636,0.014343
27.883975,43.575852,0.301434
27.778728,43.558519,0.000000
27.707881,43.450479,0.000000
27.784989,43.544880,0.000000
27.731159,43.597461,0.000000
27.790571,43.498380,0.000681
27.795131,43.534816,0.387700
27.719387,43.534867,0.032549
27.794317,43.501055,0.039712
27.807622,43.497000,0.000000
27.830114,43.486574,0.000000
27.820581,43.513206,0.043065
27.788010,43.567730,1.840500
27.796563,43.511935,0.000000
27.835171,43.449710,0.000000
27.768844,43.482230,0.000000
27.847539,43.547585,0.037054
27.824234,43.517952,0.009057
27.717355,43.572247,0.014271
27.705184,43.463011,0.019039
27.847634,43.474830,0.014831
27.788319,43.534412,0.000000
27.743009,43.472947,0.056962
27.810755,43.537047,0.000000
27.764460,43.517016,0.000775
27.827637,43.522519,0.000000
27.888096,43.510720,0.120381
27.798187,43.588189,0.000000
27.805839,43.567516,0.300728
27.726569,43.514472,0.814239
27.713673,43.554082,0.068729
27.859021,43.458177,0.043577
27.720977,43.491637,0.733594
27.785213,43.571621,0.000000
27.867791,43.561390,0.000000
27.824508,43.529025,0.000000
27.882037,43.544893,0.399335
27.759327,43.541812,0.000000
27.879820,43.503041,1.220315
27.886752,43.545667,0.016964
27.842221,43.539070,0.011115
27.828722,43.520440,0.000000
27.751174,43.533132,0.000000
27.767603,43.550221,0.449459
27.814686,43.599148,0.000000
27.724168,43.551675,0.061107
27.753074,43.546626,0.000000
27.789572,43.583026,0.131129
27.858382,43.526615,0.000000
27.825210,43.553241,0.000000
27.771543,43.461142,0.337765
27.718062,43.464822,0.558573
27.704397,43.554860,0.052549
27.821266,43.590997,0.080256
27.712487,43.547966,0.048550
27.702085,43.600975,0.000000
27.855214,43.451183,0.000000
27.790916,43.591031,0.000000
27.707996,43.523863,0.001811
27.809178,43.539399,0.022925
27.881761,43.491950,0.000000
27.798469,43.600162,0.193827
27.764831,43.546368,0.000000
27.714398,43.562991,0.823662
27.705754,43.458866,0.000000
27.776940,43.467499,0.000000
27.815623,43.521705,0.000000
27.749390,43.489023,0.774692
27.779634,43.513582,0.042935
27.802053,43.468766,0.000000
27.755080,43.489075,0.863125
27.895897,43.452582,0.030385
27.859490,43.482575,0.036308
27.803802,43.479469,0.000000
27.857887,43.561464,0.564832
27.701450,43.514269,0.053425
27.845556,43.467642,0.000000
27.856618,43.568047,0.040619
27.705718,43.583124,0.000000
27.871409,43.485907,0.059074
27.759153,43.547666,0.000000
27.818873,43.542392,0.029874
27.840902,43.524313,0.049149
27.794055,43.462159,0.000000
27.797625,43.536239,0.685784
27.801760,43.558720,0.099352
27.774038,43.453202,0.083610
27.840310,43.561865,0.419318
27.897118,43.451582,0.218528
27.839154,43.541074,0.000000
27.844058,43.493315,0.000000
27.803173,43.571856,0.443776
27.793794,43.583807,0.000000
27.793570,43.491246,0.493156
27.846180,43.485826,0.043090
27.783112,43.571996,0.000000
27.855505,43.541943,0.138491
27.840460,43.456785,0.083482
27.840619,43.503966,0.000000
27.764603,43.508731,0.000000
27.709352,43.555099,0.034430
27.764123,43.598056,0.012272
27.795881,43.535351,0.833256
27.707096,43.542147,0.072991
27.882384,43.449806,0.106005
27.806469,43.466124,0.000000
27.841891,43.586525,0.111767
27.874088,43.551617,0.028414
27.826729,43.483177,0.026038
27.891150,43.558509,0.013292
27.837274,43.503540,0.000000
27.869027,43.578488,0.092902
27.766801,43.565083,0.395170
27.745183,43.488870,0.844347
27.827641,43.540888,0.000000
27.734479,43.554580,0.095817
27.746653,43.597991,0.000000
27.792368,43.522319,0.030857
27.887524,43.547642,0.000000
27.711094,43.460994,0.296770
27.864474,43.571860,0.097066
27.760344,43.573500,0.000000
27.753807,43.506102,0.000000
27.701574,43.450157,0.004788
27.746048,43.518939,0.056678
27.829335,43.538084,0.003589
27.871585,43.584051,0.000000
27.729566,43.516794,0.148741
27.719091,43.489037,0.805460
27.814973,43.454988,0.004318
27.783799,43.548580,0.000000
27.743680,43.557852,0.053027
27.757326,43.540205,0.134089
27.731914,43.455100,0.893055
27.852430,43.552051,0.086647
27.859542,43.599539,0.000000
27.858790,43.546601,0.000000
27.760667,43.540092,0.000000
27.725168,43.542124,0.082735
27.887141,43.572136,0.000000
27.806949,43.539325,0.010506
27.843039,43.553381,0.047633
27.740855,43.468639,0.599347
27.833882,43.463856,0.000000
27.715101,43.538676,0.041298
27.719088,43.509657,0.019271
27.747670,43.600146,0.000000
27.859437,43.583423,0.071788
27.823961,43.570628,0.235836
27.892787,43.585508,0.090517
27.707485,43.554210,0.043614
27.708439,43.529983,0.267391
27.727780,43.574072,0.000000
27.756254,43.484115,0.024843
27.753487,43.480352,0.000000
27.872062,43.574233,0.000000
27.796539,43.510134,0.000000
27.811341,43.451412,0.021262
27.731347,43.469600,0.000000
27.722019,43.516842,0.432548
27.735449,43.573303,0.213725
27.756357,43.561641,0.871132
27.871082,43.557763,0.000000
27.898758,43.537199,0.069925
27.845548,43.449363,0.057101
27.819387,43.598574,0.000000
27.848498,43.518855,0.061696
27.821194,43.576591,0.495895
27.778178,43.467580,0.117220
27.772817,43.580440,0.000000
27.846563,43.460071,0.004751
27.857365,43.463502,0.000000
27.861496,43.449695,0.864696
27.826345,43.500378,0.029995
27.736216,43.483706,0.277187
27.808502,43.470251,0.032012
27.735929,43.460026,0.825667
27.760728,43.485886,0.018807
27.750549,43.552585,0.769963
27.896464,43.557837,0.000000
27.749589,43.465070,0.769418
27.863170,43.489211,0.529164
27.715619,43.530208,0.129291
27.765276,43.483695,0.000000
27.872386,43.588097,0.000000
27.845943,43.504287,0.115630
27.839557,43.463004,0.000000
27.759869,43.456808,0.867047
27.847170,43.476995,0.009665
27.848078,43.533084,0.042168
27.870821,43.548221,0.045272
27.813108,43.518662,0.000000
27.814612,43.455711,0.000000
27.811772,43.474370,0.000000
27.812796,43.596820,0.000000
27.848515,43.537763,0.031677
27.781468,43.550217,0.022776
27.842548,43.527002,0.220027
27.887206,43.593475,0.200081
27.720092,43.500466,0.849001
27.831986,43.550851,0.664896
27.767158,43.544371,0.097613
27.753133,43.571207,0.000000
27.824801,43.541448,0.000000
27.756225,43.541202,0.223091
27.700785,43.456735,0.028783
27.713796,43.564436,0.478844
27.713744,43.570559,0.059776
27.853838,43.458846,0.020456
27.756958,43.481049,0.000000
27.726782,43.501324,0.663017
27.856936,43.590465,0.000000
27.776918,43.542954,0.000000
27.770671,43.548129,0.031979
27.854594,43.547533,0.000000
27.737504,43.558973,0.028495
27.745886,43.515788,0.048918
27.814266,43.475973,0.000000
27.754116,43.540856,0.000000
27.769530,43.526527,0.470543
27.869933,43.512301,0.000000
27.842531,43.463523,0.000000
27.807782,43.471877,0.033774
27.865597,43.555193,0.000000
27.758501,43.515435,0.064915
27.874968,43.509741,0.000000
27.700318,43.480510,0.056490
27.853092,43.458492,0.000000
27.811408,43.585665,0.364932
27.728644,43.460703,0.838255
27.738262,43.519710,0.302917
27.855658,43.508987,0.000000
27.768178,43.556520,0.407159
27.888413,43.473260,0.000000
27.813959,43.600323,0.066049
27.897207,43.574489,0.595722
27.762601,43.575646,0.000000
27.798086,43.514896,0.000000
27.824466,43.480492,0.000000
27.794013,43.600464,0.000000
27.757932,43.568744,0.000000
27.894619,43.592067,0.000000
27.807311,43.473681,0.000000
27.707933,43.454891,0.000000
27.900992,43.529348,0.038428
27.852455,43.465970,0.000000
27.802106,43.594104,0.316609
27.858488,43.472948,0.335360
27.729237,43.561367,0.039682
27.792882,43.533210,0.069832
27.769850,43.454310,0.000000
27.710780,43.465858,0.364678
27.730268,43.451869,0.028238
27.778032,43.456236,0.029451
27.740067,43.525641,0.103850
27.737922,43.491799,0.859921
27.880330,43.538153,0.397870
27.778716,43.528716,0.476081
27.768013,43.475213,0.000000
27.867003,43.454515,0.000000
27.761434,43.561697,0.293359
27.720834,43.552416,0.047970
27.769520,43.554890,0.558490
27.764504,43.461640,0.022976
27.734426,43.458415,0.466638
27.797474,43.468348,0.000000
27.813994,43.483359,0.000000
27.871040,43.580634,0.000000
27.897919,43.455627,0.042373
27.714676,43.492216,0.806515
27.824758,43.501920,0.019715
27.884498,43.484546,0.029404
27.837435,43.533073,0.000000
27.897334,43.599699,0.591576
27.796935,43.596571,0.025365
27.857175,43.467556,0.318833
27.817118,43.494952,0.051156
27.763647,43.589865,0.121780
27.768646,43.476379,0.000000
27.749083,43.504242,0.000000
27.850587,43.553055,0.001928
27.870429,43.563981,0.536486
27.798321,43.504539,0.000000
27.847803,43.486895,0.042882
27.793983,43.569940,0.000000
27.869362,43.558676,0.157017
27.887546,43.540708,0.186060
27.880171,43.527259,0.045588
27.865279,43.524311,0.000000
27.862160,43.583312,0.119820
27.854729,43.565810,0.773322
27.707819,43.593376,0.196733
27.853811,43.597241,0.000000
27.790596,43.547633,0.000000
27.789899,43.589057,0.000000
27.804632,43.486036,0.024160
27.701078,43.535521,0.227329
27.839905,43.452377,0.000000
27.722168,43.550067,0.079621
27.831362,43.523483,0.000000
27.758192,43.500580,0.117705
27.870983,43.559474,0.014932
27.760238,43.584756,0.106194
27.755128,43.512846,0.048956
27.800547,43.476430,0.000000
27.824999,43.510563,0.107594
27.812353,43.480849,0.036728
27.886125,43.570433,0.182153
27.847739,43.526514,0.345602
27.745650,43.546854,0.000000
27.760923,43.501372,0.074152
27.895837,43.473652,0.551250
27.711343,43.503312,0.011642
